<?xml version="1.0" encoding="UTF-8"?>
<project-private xmlns="http://www.netbeans.org/ns/project-private/1">
    <editor-bookmarks xmlns="http://www.netbeans.org/ns/editor-bookmarks/2" lastBookmarkId="0"/>
    <open-files xmlns="http://www.netbeans.org/ns/projectui-open-files/2">
        <group>
            <file>file:/C:/Users/xvpow/Documents/NetBeansProjects/Ch7_20200304/src/ch7_20200304/Ch7_2.java</file>
            <file>file:/C:/Users/xvpow/Documents/NetBeansProjects/Ch7_20200304/src/ch7_20200304/Ch7_1.java</file>
            <file>file:/C:/Users/xvpow/Documents/NetBeansProjects/Ch7_20200304/src/ch7_20200304/Ch7_5.java</file>
            <file>file:/C:/Users/xvpow/Documents/NetBeansProjects/Ch7_20200304/src/ch7_20200304/Ch7_6.java</file>
            <file>file:/C:/Users/xvpow/Documents/NetBeansProjects/Ch7_20200304/src/ch7_20200304/Ch7_4.java</file>
            <file>file:/C:/Users/xvpow/Documents/NetBeansProjects/Ch7_20200304/src/ch7_20200304/Ch7_7.java</file>
            <file>file:/C:/Users/xvpow/Documents/NetBeansProjects/Ch7_20200304/src/ch7_20200304/Ch7_8.java</file>
            <file>file:/C:/Users/xvpow/Documents/NetBeansProjects/Ch7_20200304/src/ch7_20200304/Ch7_3.java</file>
        </group>
    </open-files>
</project-private>
